<?xml version="1.0" encoding="UTF-8"?>
<project-private xmlns="http://www.netbeans.org/ns/project-private/1">
    <editor-bookmarks xmlns="http://www.netbeans.org/ns/editor-bookmarks/2" lastBookmarkId="0"/>
    <open-files xmlns="http://www.netbeans.org/ns/projectui-open-files/2">
        <group>
            <file>file:/D:/roger/Documents/ProyectoWebRestaurante/ProyectoWebRestaurante/web/WEB-INF/ConsultaPlatillo.xhtml</file>
            <file>file:/D:/roger/Documents/ProyectoWebRestaurante/ProyectoWebRestaurante/web/WEB-INF/IngresoSistema.xhtml</file>
            <file>file:/D:/roger/Documents/ProyectoWebRestaurante/ProyectoWebRestaurante/web/WEB-INF/Clientes.xhtml</file>
            <file>file:/D:/roger/Documents/ProyectoWebRestaurante/ProyectoWebRestaurante/web/WEB-INF/Platillos.xhtml</file>
            <file>file:/D:/roger/Documents/ProyectoWebRestaurante/ProyectoWebRestaurante/web/WEB-INF/Principal.xhtml</file>
        </group>
    </open-files>
</project-private>
